{
    "loss": 18.69279670715332,
    "accuracy": 0.6495532989501953
}